date,watts
06/01/2017 06:00,"0"
06/01/2017 06:15,"20.6667"
06/01/2017 06:30,"83.6667"
06/01/2017 06:45,"184.1667"
06/01/2017 07:00,"296.6667"
06/01/2017 07:15,"436.8333"
06/01/2017 07:30,"496.1667"
06/01/2017 07:45,"487.1667"
06/01/2017 08:00,"551.1667"
06/01/2017 08:15,"580.6667"
06/01/2017 08:30,"583.5"
06/01/2017 08:45,"683.6667"
06/01/2017 09:00,"519.1667"
06/01/2017 09:15,"1512.5"
06/01/2017 09:30,"1521.3334"
06/01/2017 09:45,"2095.1667"
06/01/2017 10:00,"2405.5"
06/01/2017 10:15,"1881.3334"
06/01/2017 10:30,"2190.5"
06/01/2017 10:45,"3277.5"
06/01/2017 11:00,"3532"
06/01/2017 11:15,"1643.6666"
06/01/2017 11:30,"2608.1667"
06/01/2017 11:45,"2670"
06/01/2017 12:00,"2292"
06/01/2017 12:15,"1859.6666"
06/01/2017 12:30,"4035.8333"
06/01/2017 12:45,"3960.5"
06/01/2017 13:00,"3064.5"
06/01/2017 13:15,"3557.6667"
06/01/2017 13:30,"942.8333"
06/01/2017 13:45,"1769.5"
06/01/2017 14:00,"3442.5"
06/01/2017 14:15,"1896.5"
06/01/2017 14:30,"2902.5"
06/01/2017 14:45,"4112"
06/01/2017 15:00,"728.1667"
06/01/2017 15:15,"2432.6667"
06/01/2017 15:30,"1608"
06/01/2017 15:45,"2319.5"
06/01/2017 16:00,"1646.8334"
06/01/2017 16:15,"590"
06/01/2017 16:30,"539.5"
06/01/2017 16:45,"2178.1667"
06/01/2017 17:00,"517.6667"
06/01/2017 17:15,"298.5"
06/01/2017 17:30,"491.1667"
06/01/2017 17:45,"702.1667"
06/01/2017 18:00,"1129"
06/01/2017 18:15,"463.1667"
06/01/2017 18:30,"587.1667"
06/01/2017 18:45,"337.1667"
06/01/2017 19:00,"203.5"
06/01/2017 19:15,"128.3333"
06/01/2017 19:30,"89.8333"
06/01/2017 19:45,"28.6667"
06/01/2017 20:00,"0"
06/01/2017 20:15,"0"
06/02/2017 06:00,"0"
06/02/2017 06:15,"23.5"
06/02/2017 06:30,"46.1667"
06/02/2017 06:45,"65.5"
06/02/2017 07:00,"95.5"
06/02/2017 07:15,"131.3333"
06/02/2017 07:30,"218.1667"
06/02/2017 07:45,"337.5"
06/02/2017 08:00,"416.5"
06/02/2017 08:15,"516.8333"
06/02/2017 08:30,"682.5"
06/02/2017 08:45,"939"
06/02/2017 09:00,"1193"
06/02/2017 09:15,"1603.5"
06/02/2017 09:30,"1838.1666"
06/02/2017 09:45,"1763"
06/02/2017 10:00,"1760.8334"
06/02/2017 10:15,"2574.1667"
06/02/2017 10:30,"2763"
06/02/2017 10:45,"3102.5"
06/02/2017 11:00,"3132"
06/02/2017 11:15,"3510.8333"
06/02/2017 11:30,"1664.6666"
06/02/2017 11:45,"1156.6666"
06/02/2017 12:00,"1911.6666"
06/02/2017 12:15,"1280.6666"
06/02/2017 12:30,"1271"
06/02/2017 12:45,"908.6667"
06/02/2017 13:00,"596.3333"
06/02/2017 13:15,"1209.5"
06/02/2017 13:30,"1887"
06/02/2017 13:45,"3937.8333"
06/02/2017 14:00,"4024.8333"
06/02/2017 14:15,"752.5"
06/02/2017 14:30,"2339"
06/02/2017 14:45,"2720.3333"
06/02/2017 15:00,"2217.6667"
06/02/2017 15:15,"1022.8333"
06/02/2017 15:30,"1314.1666"
06/02/2017 15:45,"1326"
06/02/2017 16:00,"1503.8334"
06/02/2017 16:15,"2934.3333"
06/02/2017 16:30,"1882.8334"
06/02/2017 16:45,"1965.5"
06/02/2017 17:00,"603.3333"
06/02/2017 17:15,"297.3333"
06/02/2017 17:30,"354.1667"
06/02/2017 17:45,"1527.6666"
06/02/2017 18:00,"1308.1666"
06/02/2017 18:15,"832"
06/02/2017 18:30,"542"
06/02/2017 18:45,"338"
06/02/2017 19:00,"188"
06/02/2017 19:15,"118.6667"
06/02/2017 19:30,"84"
06/02/2017 19:45,"25.1667"
06/02/2017 20:00,"4.1667"
06/02/2017 20:15,"0"
06/03/2017 05:45,"0"
06/03/2017 06:00,"5.8333"
06/03/2017 06:15,"27.5"
06/03/2017 06:30,"62.8333"
06/03/2017 06:45,"72.5"
06/03/2017 07:00,"110.8333"
06/03/2017 07:15,"160"
06/03/2017 07:30,"281.1667"
06/03/2017 07:45,"384.3333"
06/03/2017 08:00,"456.5"
06/03/2017 08:15,"563.6667"
06/03/2017 08:30,"746.8333"
06/03/2017 08:45,"1026.1666"
06/03/2017 09:00,"1348.5"
06/03/2017 09:15,"1671.5"
06/03/2017 09:30,"1916.8334"
06/03/2017 09:45,"2053.5"
06/03/2017 10:00,"2337"
06/03/2017 10:15,"2545.3333"
06/03/2017 10:30,"2787.1667"
06/03/2017 10:45,"2980.8333"
06/03/2017 11:00,"3113.6667"
06/03/2017 11:15,"3244"
06/03/2017 11:30,"3338"
06/03/2017 11:45,"3429.8333"
06/03/2017 12:00,"3518.5"
06/03/2017 12:15,"3591.1667"
06/03/2017 12:30,"3650.8333"
06/03/2017 12:45,"3693"
06/03/2017 13:00,"3729.8333"
06/03/2017 13:15,"3730.8333"
06/03/2017 13:30,"3744.6667"
06/03/2017 13:45,"3715.5"
06/03/2017 14:00,"3678"
06/03/2017 14:15,"3668"
06/03/2017 14:30,"3616"
06/03/2017 14:45,"3522.5"
06/03/2017 15:00,"3485.5"
06/03/2017 15:15,"3409.3333"
06/03/2017 15:30,"3298.8333"
06/03/2017 15:45,"3176.6667"
06/03/2017 16:00,"3042.5"
06/03/2017 16:15,"2840.1667"
06/03/2017 16:30,"2574.1667"
06/03/2017 16:45,"2316.8333"
06/03/2017 17:00,"2107.6667"
06/03/2017 17:15,"1826.8334"
06/03/2017 17:30,"1562"
06/03/2017 17:45,"1226"
06/03/2017 18:00,"968.8333"
06/03/2017 18:15,"728.5"
06/03/2017 18:30,"502.6667"
06/03/2017 18:45,"318.8333"
06/03/2017 19:00,"184.8333"
06/03/2017 19:15,"129.1667"
06/03/2017 19:30,"68"
06/03/2017 19:45,"26"
06/03/2017 20:00,"13.8333"
06/03/2017 20:15,"0"
06/04/2017 05:45,"0"
06/04/2017 06:00,"5.5"
06/04/2017 06:15,"25.6667"
06/04/2017 06:30,"49.6667"
06/04/2017 06:45,"70.5"
06/04/2017 07:00,"104.8333"
06/04/2017 07:15,"146.8333"
06/04/2017 07:30,"265.3333"
06/04/2017 07:45,"361.3333"
06/04/2017 08:00,"432.3333"
06/04/2017 08:15,"530.5"
06/04/2017 08:30,"724.3333"
06/04/2017 08:45,"994.3333"
06/04/2017 09:00,"1301.6666"
06/04/2017 09:15,"1548.6666"
06/04/2017 09:30,"1867.6666"
06/04/2017 09:45,"2001"
06/04/2017 10:00,"2277.1667"
06/04/2017 10:15,"2492"
06/04/2017 10:30,"2747.3333"
06/04/2017 10:45,"2951.8333"
06/04/2017 11:00,"3087"
06/04/2017 11:15,"3198.3333"
06/04/2017 11:30,"3307.1667"
06/04/2017 11:45,"3396.3333"
06/04/2017 12:00,"3504.3333"
06/04/2017 12:15,"3551.5"
06/04/2017 12:30,"3569.5"
06/04/2017 12:45,"3524.3333"
06/04/2017 13:00,"3412.3333"
06/04/2017 13:15,"3533"
06/04/2017 13:30,"3702"
06/04/2017 13:45,"3355.1667"
06/04/2017 14:00,"3988.5"
06/04/2017 14:15,"2825"
06/04/2017 14:30,"3698.3333"
06/04/2017 14:45,"2863.1667"
06/04/2017 15:00,"2851.1667"
06/04/2017 15:15,"2485.5"
06/04/2017 15:30,"1520.1666"
06/04/2017 15:45,"480.1667"
06/04/2017 16:00,"3522.8333"
06/04/2017 16:15,"3263.8333"
06/04/2017 16:30,"1678"
06/04/2017 16:45,"619.3333"
06/04/2017 17:00,"864.6667"
06/04/2017 17:15,"2162"
06/04/2017 17:30,"1023"
06/04/2017 17:45,"1433.3334"
06/04/2017 18:00,"1097.5"
06/04/2017 18:15,"1057.1666"
06/04/2017 18:30,"770.8333"
06/04/2017 18:45,"556"
06/04/2017 19:00,"359.3333"
06/04/2017 19:15,"296.3333"
06/04/2017 19:30,"170.5"
06/04/2017 19:45,"84"
06/04/2017 20:00,"34.3333"
06/04/2017 20:15,"2.6667"
06/04/2017 20:30,"0"
06/05/2017 05:45,"0"
06/05/2017 06:00,"7.1667"
06/05/2017 06:15,"41.6667"
06/05/2017 06:30,"66.3333"
06/05/2017 06:45,"86.6667"
06/05/2017 07:00,"147.6667"
06/05/2017 07:15,"215.6667"
06/05/2017 07:30,"236.6667"
06/05/2017 07:45,"329.6667"
06/05/2017 08:00,"468.3333"
06/05/2017 08:15,"555.3333"
06/05/2017 08:30,"733.8333"
06/05/2017 08:45,"994"
06/05/2017 09:00,"1270"
06/05/2017 09:15,"1568.5"
06/05/2017 09:30,"1804.3334"
06/05/2017 09:45,"1955.1666"
06/05/2017 10:00,"2223.5"
06/05/2017 10:15,"2431.1667"
06/05/2017 10:30,"2672.1667"
06/05/2017 10:45,"2860"
06/05/2017 11:00,"3021.8333"
06/05/2017 11:15,"3178.3333"
06/05/2017 11:30,"3302.8333"
06/05/2017 11:45,"3367.5"
06/05/2017 12:00,"3450"
06/05/2017 12:15,"2732.5"
06/05/2017 12:30,"3748.8333"
06/05/2017 12:45,"814.1667"
06/05/2017 13:00,"846.6667"
06/05/2017 13:15,"2103.1667"
06/05/2017 13:30,"2259.1667"
06/05/2017 13:45,"3259"
06/05/2017 14:00,"3967.8333"
06/05/2017 14:15,"3957.1667"
06/05/2017 14:30,"4148.3335"
06/05/2017 14:45,"2503.3333"
06/05/2017 15:00,"779.5"
06/05/2017 15:15,"2641.1667"
06/05/2017 15:30,"3661.1667"
06/05/2017 15:45,"2789"
06/05/2017 16:00,"2060.1667"
06/05/2017 16:15,"1188.3334"
06/05/2017 16:30,"2170.5"
06/05/2017 16:45,"1417.6666"
06/05/2017 17:00,"925.6667"
06/05/2017 17:15,"1451.1666"
06/05/2017 17:30,"895.1667"
06/05/2017 17:45,"551.5"
06/05/2017 18:00,"1157.8334"
06/05/2017 18:15,"941.6667"
06/05/2017 18:30,"662.6667"
06/05/2017 18:45,"322"
06/05/2017 19:00,"186.5"
06/05/2017 19:15,"149.1667"
06/05/2017 19:30,"87.1667"
06/05/2017 19:45,"39.1667"
06/05/2017 20:00,"2"
06/05/2017 20:15,"0"
06/05/2017 20:30,"0"
06/06/2017 06:00,"0"
06/06/2017 06:15,"53.3333"
06/06/2017 06:30,"83.8333"
06/06/2017 06:45,"96.5"
06/06/2017 07:00,"124.1667"
06/06/2017 07:15,"240.1667"
06/06/2017 07:30,"265.5"
06/06/2017 07:45,"385.6667"
06/06/2017 08:00,"429.6667"
06/06/2017 08:15,"519.3333"
06/06/2017 08:30,"661"
06/06/2017 08:45,"902.8333"
06/06/2017 09:00,"1186.6666"
06/06/2017 09:15,"1499.5"
06/06/2017 09:30,"1777.3334"
06/06/2017 09:45,"1917.3334"
06/06/2017 10:00,"2146.5"
06/06/2017 10:15,"2381"
06/06/2017 10:30,"2588.5"
06/06/2017 10:45,"2818.8333"
06/06/2017 11:00,"2958.5"
06/06/2017 11:15,"3109.3333"
06/06/2017 11:30,"3231.1667"
06/06/2017 11:45,"3342.6667"
06/06/2017 12:00,"3433.6667"
06/06/2017 12:15,"3484"
06/06/2017 12:30,"3526"
06/06/2017 12:45,"3598.6667"
06/06/2017 13:00,"2756"
06/06/2017 13:15,"564.1667"
06/06/2017 13:30,"608.8333"
06/06/2017 13:45,"334.6667"
06/06/2017 14:00,"858.1667"
06/06/2017 14:15,"3297.1667"
06/06/2017 14:30,"1129.5"
06/06/2017 14:45,"986.5"
06/06/2017 15:00,"3254.1667"
06/06/2017 15:15,"1390.1666"
06/06/2017 15:30,"2026.5"
06/06/2017 15:45,"3585"
06/06/2017 16:00,"2157.6667"
06/06/2017 16:15,"978.5"
06/06/2017 16:30,"3223.6667"
06/06/2017 16:45,"2572"
06/06/2017 17:00,"1062.3334"
06/06/2017 17:15,"576.1667"
06/06/2017 17:30,"1381"
06/06/2017 17:45,"262.1667"
06/06/2017 18:00,"785.8333"
06/06/2017 18:15,"206.3333"
06/06/2017 18:30,"773.3333"
06/06/2017 18:45,"406.3333"
06/06/2017 19:00,"217.3333"
06/06/2017 19:15,"129"
06/06/2017 19:30,"96.3333"
06/06/2017 19:45,"37.3333"
06/06/2017 20:00,"6.5"
06/06/2017 20:15,"0"
06/07/2017 05:45,"0"
06/07/2017 06:00,"4.5"
06/07/2017 06:15,"36.3333"
06/07/2017 06:30,"54.8333"
06/07/2017 06:45,"82.8333"
06/07/2017 07:00,"117.8333"
06/07/2017 07:15,"162.6667"
06/07/2017 07:30,"272.3333"
06/07/2017 07:45,"363.8333"
06/07/2017 08:00,"437.5"
06/07/2017 08:15,"542.1667"
06/07/2017 08:30,"702.3333"
06/07/2017 08:45,"967"
06/07/2017 09:00,"1266.5"
06/07/2017 09:15,"1575.6666"
06/07/2017 09:30,"1827.8334"
06/07/2017 09:45,"1949.5"
06/07/2017 10:00,"2245.3333"
06/07/2017 10:15,"2381.3333"
06/07/2017 10:30,"2637.6667"
06/07/2017 10:45,"2796.3333"
06/07/2017 11:00,"2994.1667"
06/07/2017 11:15,"3127.5"
06/07/2017 11:30,"3199.5"
06/07/2017 11:45,"3366.5"
06/07/2017 12:00,"3391"
06/07/2017 12:15,"3510.8333"
06/07/2017 12:30,"3529.1667"
06/07/2017 12:45,"3630"
06/07/2017 13:00,"3531.1667"
06/07/2017 13:15,"3630"
06/07/2017 13:30,"3604"
06/07/2017 13:45,"3615.5"
06/07/2017 14:00,"3622.1667"
06/07/2017 14:15,"2616.1667"
06/07/2017 14:30,"3770.5"
06/07/2017 14:45,"3625.8333"
06/07/2017 15:00,"1793.5"
06/07/2017 15:15,"2051.8333"
06/07/2017 15:30,"2785.1667"
06/07/2017 15:45,"2035.5"
06/07/2017 16:00,"736.3333"
06/07/2017 16:15,"614.3333"
06/07/2017 16:30,"416.5"
06/07/2017 16:45,"225.3333"
06/07/2017 17:00,"342"
06/07/2017 17:15,"365.5"
06/07/2017 17:30,"719.8333"
06/07/2017 17:45,"676.8333"
06/07/2017 18:00,"1312.1666"
06/07/2017 18:15,"863.5"
06/07/2017 18:30,"673.8333"
06/07/2017 18:45,"398.3333"
06/07/2017 19:00,"216.6667"
06/07/2017 19:15,"133.3333"
06/07/2017 19:30,"80"
06/07/2017 19:45,"16.5"
06/07/2017 20:00,"0"
06/07/2017 20:15,"0"
06/08/2017 05:45,"0"
06/08/2017 06:00,"5.3333"
06/08/2017 06:15,"27"
06/08/2017 06:30,"51.5"
06/08/2017 06:45,"70"
06/08/2017 07:00,"102.5"
06/08/2017 07:15,"149"
06/08/2017 07:30,"259.8333"
06/08/2017 07:45,"360"
06/08/2017 08:00,"437.6667"
06/08/2017 08:15,"533"
06/08/2017 08:30,"699.1667"
06/08/2017 08:45,"968.8333"
06/08/2017 09:00,"1273.8334"
06/08/2017 09:15,"1593.3334"
06/08/2017 09:30,"1854"
06/08/2017 09:45,"1983"
06/08/2017 10:00,"2246.5"
06/08/2017 10:15,"2463.5"
06/08/2017 10:30,"2695.1667"
06/08/2017 10:45,"2890.3333"
06/08/2017 11:00,"3026.5"
06/08/2017 11:15,"3152.1667"
06/08/2017 11:30,"3273"
06/08/2017 11:45,"3340.6667"
06/08/2017 12:00,"3457.8333"
06/08/2017 12:15,"3555.1667"
06/08/2017 12:30,"3597.6667"
06/08/2017 12:45,"3627.5"
06/08/2017 13:00,"3548.8333"
06/08/2017 13:15,"3691.6667"
06/08/2017 13:30,"3825.5"
06/08/2017 13:45,"3431.1667"
06/08/2017 14:00,"3744.1667"
06/08/2017 14:15,"3634.5"
06/08/2017 14:30,"3626.1667"
06/08/2017 14:45,"3592.5"
06/08/2017 15:00,"3469.3333"
06/08/2017 15:15,"3188.1667"
06/08/2017 15:30,"2740.5"
06/08/2017 15:45,"3114"
06/08/2017 16:00,"3121.1667"
06/08/2017 16:15,"2811.8333"
06/08/2017 16:30,"2543.1667"
06/08/2017 16:45,"2394.3333"
06/08/2017 17:00,"2007.6666"
06/08/2017 17:15,"1772"
06/08/2017 17:30,"1686.8334"
06/08/2017 17:45,"995.5"
06/08/2017 18:00,"1010.6667"
06/08/2017 18:15,"569.6667"
06/08/2017 18:30,"381.6667"
06/08/2017 18:45,"320.1667"
06/08/2017 19:00,"264"
06/08/2017 19:15,"200.5"
06/08/2017 19:30,"133.5"
06/08/2017 19:45,"72.8333"
06/08/2017 20:00,"11.8333"
06/08/2017 20:15,"0"
06/09/2017 05:45,"0"
06/09/2017 06:00,"0"
06/09/2017 06:15,"29.8333"
06/09/2017 06:30,"59"
06/09/2017 06:45,"105.3333"
06/09/2017 07:00,"189.1667"
06/09/2017 07:15,"290.3333"
06/09/2017 07:30,"418.1667"
06/09/2017 07:45,"425.6667"
06/09/2017 08:00,"480.8333"
06/09/2017 08:15,"600"
06/09/2017 08:30,"662.1667"
06/09/2017 08:45,"981.1667"
06/09/2017 09:00,"1357.3334"
06/09/2017 09:15,"1277.3334"
06/09/2017 09:30,"1759.5"
06/09/2017 09:45,"1959.8334"
06/09/2017 10:00,"2172.8333"
06/09/2017 10:15,"2145.6667"
06/09/2017 10:30,"2403.5"
06/09/2017 10:45,"2767.5"
06/09/2017 11:00,"2835.3333"
06/09/2017 11:15,"3160.6667"
06/09/2017 11:30,"3265.8333"
06/09/2017 11:45,"3352.5"
06/09/2017 12:00,"3274.5"
06/09/2017 12:15,"3378.3333"
06/09/2017 12:30,"3575.8333"
06/09/2017 12:45,"3655.1667"
06/09/2017 13:00,"3639.3333"
06/09/2017 13:15,"3648.8333"
06/09/2017 13:30,"3658.8333"
06/09/2017 13:45,"3704.1667"
06/09/2017 14:00,"3690"
06/09/2017 14:15,"3669.5"
06/09/2017 14:30,"3637.1667"
06/09/2017 14:45,"3565.1667"
06/09/2017 15:00,"3468.6667"
06/09/2017 15:15,"3377.6667"
06/09/2017 15:30,"3336.5"
06/09/2017 15:45,"3245.1667"
06/09/2017 16:00,"3073.1667"
06/09/2017 16:15,"2911.3333"
06/09/2017 16:30,"2718.8333"
06/09/2017 16:45,"2404.3333"
06/09/2017 17:00,"2190.3333"
06/09/2017 17:15,"1911"
06/09/2017 17:30,"1660.3334"
06/09/2017 17:45,"1259.3334"
06/09/2017 18:00,"1010.6667"
06/09/2017 18:15,"801.3333"
06/09/2017 18:30,"561"
06/09/2017 18:45,"363.1667"
06/09/2017 19:00,"224"
06/09/2017 19:15,"134.5"
06/09/2017 19:30,"101.3333"
06/09/2017 19:45,"42.1667"
06/09/2017 20:00,"12"
06/09/2017 20:15,"0"
06/10/2017 06:00,"4.1667"
06/10/2017 06:15,"22.1667"
06/10/2017 06:30,"41.5"
06/10/2017 06:45,"57.8333"
06/10/2017 07:00,"102.6667"
06/10/2017 07:15,"139.3333"
06/10/2017 07:30,"241.5"
06/10/2017 07:45,"345.6667"
06/10/2017 08:00,"428.1667"
06/10/2017 08:15,"502.1667"
06/10/2017 08:30,"668.5"
06/10/2017 08:45,"933.1667"
06/10/2017 09:00,"1240"
06/10/2017 09:15,"1566.6666"
06/10/2017 09:30,"1860.8334"
06/10/2017 09:45,"1999.6666"
06/10/2017 10:00,"2226"
06/10/2017 10:15,"2454.3333"
06/10/2017 10:30,"2668.5"
06/10/2017 10:45,"2899.6667"
06/10/2017 11:00,"3035"
06/10/2017 11:15,"3185.3333"
06/10/2017 11:30,"3309.3333"
06/10/2017 11:45,"3396.3333"
06/10/2017 12:00,"3483.8333"
06/10/2017 12:15,"3558"
06/10/2017 12:30,"3634"
06/10/2017 12:45,"3662.3333"
06/10/2017 13:00,"3687.1667"
06/10/2017 13:15,"3715"
06/10/2017 13:30,"3715.6667"
06/10/2017 13:45,"3712.1667"
06/10/2017 14:00,"3707.3333"
06/10/2017 14:15,"3688"
06/10/2017 14:30,"3644.5"
06/10/2017 14:45,"3604.8333"
06/10/2017 15:00,"3148.1667"
06/10/2017 15:15,"3229.5"
06/10/2017 15:30,"3436.6667"
06/10/2017 15:45,"3310.3333"
06/10/2017 16:00,"3094.6667"
06/10/2017 16:15,"1303.5"
06/10/2017 16:30,"1552"
06/10/2017 16:45,"2240.8333"
06/10/2017 17:00,"2390"
06/10/2017 17:15,"2031.5"
06/10/2017 17:30,"1673.8334"
06/10/2017 17:45,"1321.3334"
06/10/2017 18:00,"1048.5"
06/10/2017 18:15,"829.3333"
06/10/2017 18:30,"572"
06/10/2017 18:45,"351"
06/10/2017 19:00,"209.1667"
06/10/2017 19:15,"130.6667"
06/10/2017 19:30,"86.8333"
06/10/2017 19:45,"28"
06/10/2017 20:00,"12.6667"
06/10/2017 20:15,"0"
06/11/2017 05:45,"0"
06/11/2017 06:00,"39.6667"
06/11/2017 06:15,"78.5"
06/11/2017 06:30,"67.5"
06/11/2017 06:45,"167.1667"
06/11/2017 07:00,"355.5"
06/11/2017 07:15,"407"
06/11/2017 07:30,"356.8333"
06/11/2017 07:45,"710.3333"
06/11/2017 08:00,"670.1667"
06/11/2017 08:15,"574.3333"
06/11/2017 08:30,"1053.8334"
06/11/2017 08:45,"1173.3334"
06/11/2017 09:00,"1165.3334"
06/11/2017 09:15,"791.8333"
06/11/2017 09:30,"1372.6666"
06/11/2017 09:45,"1933.3334"
06/11/2017 10:00,"2126"
06/11/2017 10:15,"2519.6667"
06/11/2017 10:30,"2722.6667"
06/11/2017 10:45,"2957.8333"
06/11/2017 11:00,"3090"
06/11/2017 11:15,"3233.3333"
06/11/2017 11:30,"3360.8333"
06/11/2017 11:45,"3451.3333"
06/11/2017 12:00,"3510.5"
06/11/2017 12:15,"3599.3333"
06/11/2017 12:30,"3647.5"
06/11/2017 12:45,"3706.8333"
06/11/2017 13:00,"3729.8333"
06/11/2017 13:15,"3765.3333"
06/11/2017 13:30,"3758.8333"
06/11/2017 13:45,"3760.8333"
06/11/2017 14:00,"3744"
06/11/2017 14:15,"3716"
06/11/2017 14:30,"3664.8333"
06/11/2017 14:45,"3632.8333"
06/11/2017 15:00,"3541.3333"
06/11/2017 15:15,"3464.1667"
06/11/2017 15:30,"3369.3333"
06/11/2017 15:45,"3257"
06/11/2017 16:00,"3129.5"
06/11/2017 16:15,"2910.3333"
06/11/2017 16:30,"2761.1667"
06/11/2017 16:45,"2488.3333"
06/11/2017 17:00,"2282.5"
06/11/2017 17:15,"1984.5"
06/11/2017 17:30,"1701"
06/11/2017 17:45,"1320.5"
06/11/2017 18:00,"1051.3334"
06/11/2017 18:15,"833.6667"
06/11/2017 18:30,"571.8333"
06/11/2017 18:45,"358.8333"
06/11/2017 19:00,"209.6667"
06/11/2017 19:15,"127.5"
06/11/2017 19:30,"93.1667"
06/11/2017 19:45,"29.1667"
06/11/2017 20:00,"3.5"
06/11/2017 20:15,"0"
06/12/2017 06:00,"0"
06/12/2017 06:15,"19.1667"
06/12/2017 06:30,"37.1667"
06/12/2017 06:45,"54"
06/12/2017 07:00,"82.1667"
06/12/2017 07:15,"126.8333"
06/12/2017 07:30,"213.1667"
06/12/2017 07:45,"336.8333"
06/12/2017 08:00,"415.1667"
06/12/2017 08:15,"484.1667"
06/12/2017 08:30,"629.8333"
06/12/2017 08:45,"875"
06/12/2017 09:00,"1192.8334"
06/12/2017 09:15,"1508.1666"
06/12/2017 09:30,"1830.6666"
06/12/2017 09:45,"1969"
06/12/2017 10:00,"2210.5"
06/12/2017 10:15,"2439.1667"
06/12/2017 10:30,"2674.8333"
06/12/2017 10:45,"2897.3333"
06/12/2017 11:00,"3082.8333"
06/12/2017 11:15,"3238.5"
06/12/2017 11:30,"3391.6667"
06/12/2017 11:45,"3482"
06/12/2017 12:00,"3566.8333"
06/12/2017 12:15,"3640.3333"
06/12/2017 12:30,"3710.6667"
06/12/2017 12:45,"3777.6667"
06/12/2017 13:00,"3809.1667"
06/12/2017 13:15,"3832.8333"
06/12/2017 13:30,"3853.1667"
06/12/2017 13:45,"3824.5"
06/12/2017 14:00,"3836.8333"
06/12/2017 14:15,"3796.1667"
06/12/2017 14:30,"3768.1667"
06/12/2017 14:45,"3685.3333"
06/12/2017 15:00,"3612.3333"
06/12/2017 15:15,"3543.8333"
06/12/2017 15:30,"3436.5"
06/12/2017 15:45,"3367.1667"
06/12/2017 16:00,"3201.5"
06/12/2017 16:15,"2963.6667"
06/12/2017 16:30,"2764.6667"
06/12/2017 16:45,"2520.6667"
06/12/2017 17:00,"2262.3333"
06/12/2017 17:15,"1934.8334"
06/12/2017 17:30,"1739.1666"
06/12/2017 17:45,"1367"
06/12/2017 18:00,"1026.3334"
06/12/2017 18:15,"872"
06/12/2017 18:30,"598.8333"
06/12/2017 18:45,"382.1667"
06/12/2017 19:00,"237.8333"
06/12/2017 19:15,"143.1667"
06/12/2017 19:30,"107.5"
06/12/2017 19:45,"51.8333"
06/12/2017 20:00,"14.6667"
06/12/2017 20:15,"1"
06/13/2017 05:45,"0"
06/13/2017 06:00,"5.5"
06/13/2017 06:15,"23.8333"
06/13/2017 06:30,"42.6667"
06/13/2017 06:45,"62.5"
06/13/2017 07:00,"97.5"
06/13/2017 07:15,"152.3333"
06/13/2017 07:30,"268.1667"
06/13/2017 07:45,"380"
06/13/2017 08:00,"456.3333"
06/13/2017 08:15,"549.8333"
06/13/2017 08:30,"725.5"
06/13/2017 08:45,"995.8333"
06/13/2017 09:00,"1313.8334"
06/13/2017 09:15,"1660.8334"
06/13/2017 09:30,"1922.3334"
06/13/2017 09:45,"2098.1667"
06/13/2017 10:00,"2396.6667"
06/13/2017 10:15,"2624.8333"
06/13/2017 10:30,"2847.8333"
06/13/2017 10:45,"3086.1667"
06/13/2017 11:00,"3243"
06/13/2017 11:15,"3362.6667"
06/13/2017 11:30,"3497.5"
06/13/2017 11:45,"3623.8333"
06/13/2017 12:00,"3700.8333"
06/13/2017 12:15,"3785.8333"
06/13/2017 12:30,"3836.5"
06/13/2017 12:45,"3867.8333"
06/13/2017 13:00,"3900.5"
06/13/2017 13:15,"3909.8333"
06/13/2017 13:30,"3897.8333"
06/13/2017 13:45,"3913.1667"
06/13/2017 14:00,"3878.6667"
06/13/2017 14:15,"3843"
06/13/2017 14:30,"3780"
06/13/2017 14:45,"3724.6667"
06/13/2017 15:00,"3638.8333"
06/13/2017 15:15,"3554.6667"
06/13/2017 15:30,"3459.6667"
06/13/2017 15:45,"3395.6667"
06/13/2017 16:00,"3205.3333"
06/13/2017 16:15,"3004.5"
06/13/2017 16:30,"2766.8333"
06/13/2017 16:45,"2546.5"
06/13/2017 17:00,"2299"
06/13/2017 17:15,"1977.5"
06/13/2017 17:30,"1687.8334"
06/13/2017 17:45,"1315.3334"
06/13/2017 18:00,"1056.5"
06/13/2017 18:15,"831.6667"
06/13/2017 18:30,"554.8333"
06/13/2017 18:45,"354.5"
06/13/2017 19:00,"201.3333"
06/13/2017 19:15,"123.3333"
06/13/2017 19:30,"90.3333"
06/13/2017 19:45,"24.1667"
06/13/2017 20:00,"3.3333"
06/13/2017 20:15,"0"
06/14/2017 05:45,"0"
06/14/2017 06:00,"3.6667"
06/14/2017 06:15,"19.8333"
06/14/2017 06:30,"40.1667"
06/14/2017 06:45,"57"
06/14/2017 07:00,"93.1667"
06/14/2017 07:15,"146.8333"
06/14/2017 07:30,"261.8333"
06/14/2017 07:45,"366.8333"
06/14/2017 08:00,"436.5"
06/14/2017 08:15,"523"
06/14/2017 08:30,"710.5"
06/14/2017 08:45,"991.6667"
06/14/2017 09:00,"1300.3334"
06/14/2017 09:15,"1651"
06/14/2017 09:30,"1904.5"
06/14/2017 09:45,"2027.1666"
06/14/2017 10:00,"2316"
06/14/2017 10:15,"2548.5"
06/14/2017 10:30,"2764"
06/14/2017 10:45,"2983.8333"
06/14/2017 11:00,"3118.8333"
06/14/2017 11:15,"3247.1667"
06/14/2017 11:30,"3373.3333"
06/14/2017 11:45,"3495"
06/14/2017 12:00,"3602.1667"
06/14/2017 12:15,"3646.1667"
06/14/2017 12:30,"3702.3333"
06/14/2017 12:45,"3737.3333"
06/14/2017 13:00,"3741.8333"
06/14/2017 13:15,"3762"
06/14/2017 13:30,"3781"
06/14/2017 13:45,"3758.3333"
06/14/2017 14:00,"3761"
06/14/2017 14:15,"3733"
06/14/2017 14:30,"3700.1667"
06/14/2017 14:45,"3623.6667"
06/14/2017 15:00,"3550.5"
06/14/2017 15:15,"3513"
06/14/2017 15:30,"3371.5"
06/14/2017 15:45,"3288"
06/14/2017 16:00,"3121.1667"
06/14/2017 16:15,"2940"
06/14/2017 16:30,"2720.6667"
06/14/2017 16:45,"2485.6667"
06/14/2017 17:00,"2236"
06/14/2017 17:15,"1988.8334"
06/14/2017 17:30,"1652.1666"
06/14/2017 17:45,"1296.8334"
06/14/2017 18:00,"1012.6667"
06/14/2017 18:15,"797.5"
06/14/2017 18:30,"548.5"
06/14/2017 18:45,"346.5"
06/14/2017 19:00,"203"
06/14/2017 19:15,"126.5"
06/14/2017 19:30,"91.8333"
06/14/2017 19:45,"26.6667"
06/14/2017 20:00,"5.8333"
06/14/2017 20:15,"0"
06/15/2017 05:45,"0"
06/15/2017 06:00,"5.5"
06/15/2017 06:15,"24.8333"
06/15/2017 06:30,"37.6667"
06/15/2017 06:45,"59.8333"
06/15/2017 07:00,"93"
06/15/2017 07:15,"148.1667"
06/15/2017 07:30,"261.5"
06/15/2017 07:45,"369.5"
06/15/2017 08:00,"435.6667"
06/15/2017 08:15,"513.8333"
06/15/2017 08:30,"701.6667"
06/15/2017 08:45,"974.1667"
06/15/2017 09:00,"1283.3334"
06/15/2017 09:15,"1615.3334"
06/15/2017 09:30,"1906.6666"
06/15/2017 09:45,"2017.1666"
06/15/2017 10:00,"2282.3333"
06/15/2017 10:15,"2492.6667"
06/15/2017 10:30,"2727.8333"
06/15/2017 10:45,"2937.5"
06/15/2017 11:00,"3061.3333"
06/15/2017 11:15,"3186.1667"
06/15/2017 11:30,"3302.1667"
06/15/2017 11:45,"3380.6667"
06/15/2017 12:00,"3487.6667"
06/15/2017 12:15,"3583.3333"
06/15/2017 12:30,"3670"
06/15/2017 12:45,"3691.1667"
06/15/2017 13:00,"3728.3333"
06/15/2017 13:15,"3727.5"
06/15/2017 13:30,"3732.6667"
06/15/2017 13:45,"3718"
06/15/2017 14:00,"3696.6667"
06/15/2017 14:15,"3653.8333"
06/15/2017 14:30,"3602.3333"
06/15/2017 14:45,"3534"
06/15/2017 15:00,"3453.6667"
06/15/2017 15:15,"3408.3333"
06/15/2017 15:30,"3312.5"
06/15/2017 15:45,"3204.1667"
06/15/2017 16:00,"3086.1667"
06/15/2017 16:15,"2894.1667"
06/15/2017 16:30,"2635.5"
06/15/2017 16:45,"2437.1667"
06/15/2017 17:00,"2185.3333"
06/15/2017 17:15,"1939.8334"
06/15/2017 17:30,"1659.5"
06/15/2017 17:45,"1285.3334"
06/15/2017 18:00,"1014.8333"
06/15/2017 18:15,"798.8333"
06/15/2017 18:30,"552.6667"
06/15/2017 18:45,"349.8333"
06/15/2017 19:00,"202"
06/15/2017 19:15,"122.6667"
06/15/2017 19:30,"87.1667"
06/15/2017 19:45,"5.1667"
06/15/2017 20:00,"0"
06/15/2017 20:15,"0"
06/16/2017 05:45,"0"
06/16/2017 06:00,"5"
06/16/2017 06:15,"15.5"
06/16/2017 06:30,"41.1667"
06/16/2017 06:45,"60.3333"
06/16/2017 07:00,"92.6667"
06/16/2017 07:15,"142.1667"
06/16/2017 07:30,"251.8333"
06/16/2017 07:45,"360.3333"
06/16/2017 08:00,"394.1667"
06/16/2017 08:15,"502.3333"
06/16/2017 08:30,"686.8333"
06/16/2017 08:45,"951"
06/16/2017 09:00,"1254.3334"
06/16/2017 09:15,"1580.1666"
06/16/2017 09:30,"1848.8334"
06/16/2017 09:45,"1980.1666"
06/16/2017 10:00,"2238.3333"
06/16/2017 10:15,"2452.3333"
06/16/2017 10:30,"2680.1667"
06/16/2017 10:45,"2863.6667"
06/16/2017 11:00,"3017.8333"
06/16/2017 11:15,"3142.6667"
06/16/2017 11:30,"3254.5"
06/16/2017 11:45,"3347.5"
06/16/2017 12:00,"3371.3333"
06/16/2017 12:15,"3445.3333"
06/16/2017 12:30,"3539.1667"
06/16/2017 12:45,"3627.6667"
06/16/2017 13:00,"3633.5"
06/16/2017 13:15,"3582.3333"
06/16/2017 13:30,"3632"
06/16/2017 13:45,"3638.5"
06/16/2017 14:00,"3563.1667"
06/16/2017 14:15,"3645.1667"
06/16/2017 14:30,"3557"
06/16/2017 14:45,"3516.5"
06/16/2017 15:00,"3435.6667"
06/16/2017 15:15,"3329.3333"
06/16/2017 15:30,"2944.8333"
06/16/2017 15:45,"2867.8333"
06/16/2017 16:00,"3090.8333"
06/16/2017 16:15,"2942"
06/16/2017 16:30,"2668.1667"
06/16/2017 16:45,"2409"
06/16/2017 17:00,"2125.3333"
06/16/2017 17:15,"1731"
06/16/2017 17:30,"1436.5"
06/16/2017 17:45,"1120"
06/16/2017 18:00,"933.1667"
06/16/2017 18:15,"756.5"
06/16/2017 18:30,"514.1667"
06/16/2017 18:45,"344.5"
06/16/2017 19:00,"203.8333"
06/16/2017 19:15,"111"
06/16/2017 19:30,"76.3333"
06/16/2017 19:45,"14"
06/16/2017 20:00,"0"
06/16/2017 20:15,"0"
06/17/2017 06:00,"0"
06/17/2017 06:15,"13"
06/17/2017 06:30,"38.8333"
06/17/2017 06:45,"60.3333"
06/17/2017 07:00,"86"
06/17/2017 07:15,"130.6667"
06/17/2017 07:30,"221"
06/17/2017 07:45,"341.8333"
06/17/2017 08:00,"357.3333"
06/17/2017 08:15,"440.3333"
06/17/2017 08:30,"596.1667"
06/17/2017 08:45,"851.8333"
06/17/2017 09:00,"1015.8333"
06/17/2017 09:15,"1294.3334"
06/17/2017 09:30,"1161"
06/17/2017 09:45,"1779.6666"
06/17/2017 10:00,"2016.5"
06/17/2017 10:15,"2591.5"
06/17/2017 10:30,"2816.1667"
06/17/2017 10:45,"2904"
06/17/2017 11:00,"2987.5"
06/17/2017 11:15,"3126.3333"
06/17/2017 11:30,"3207.5"
06/17/2017 11:45,"3312.3333"
06/17/2017 12:00,"3231.6667"
06/17/2017 12:15,"3343.1667"
06/17/2017 12:30,"3452"
06/17/2017 12:45,"3549.5"
06/17/2017 13:00,"3371.6667"
06/17/2017 13:15,"3379.3333"
06/17/2017 13:30,"3504.6667"
06/17/2017 13:45,"2622.1667"
06/17/2017 14:00,"3601.8333"
06/17/2017 14:15,"3527"
06/17/2017 14:30,"3408.5"
06/17/2017 14:45,"3450.1667"
06/17/2017 15:00,"3448"
06/17/2017 15:15,"3251.8333"
06/17/2017 15:30,"2961"
06/17/2017 15:45,"2955.8333"
06/17/2017 16:00,"3016.6667"
06/17/2017 16:15,"2846.3333"
06/17/2017 16:30,"2683.8333"
06/17/2017 16:45,"2297.1667"
06/17/2017 17:00,"2060"
06/17/2017 17:15,"1886.5"
06/17/2017 17:30,"1537.8334"
06/17/2017 17:45,"1191.5"
06/17/2017 18:00,"870.1667"
06/17/2017 18:15,"641.1667"
06/17/2017 18:30,"496.6667"
06/17/2017 18:45,"426.3333"
06/17/2017 19:00,"320.8333"
06/17/2017 19:15,"247.6667"
06/17/2017 19:30,"163.6667"
06/17/2017 19:45,"101.6667"
06/17/2017 20:00,"47.1667"
06/17/2017 20:15,"3.3333"
06/17/2017 20:30,"0"
06/18/2017 06:00,"0"
06/18/2017 06:15,"27"
06/18/2017 06:30,"51.1667"
06/18/2017 06:45,"69.8333"
06/18/2017 07:00,"101"
06/18/2017 07:15,"146.3333"
06/18/2017 07:30,"217.6667"
06/18/2017 07:45,"318.1667"
06/18/2017 08:00,"402.1667"
06/18/2017 08:15,"494.1667"
06/18/2017 08:30,"631.8333"
06/18/2017 08:45,"852"
06/18/2017 09:00,"1135.6666"
06/18/2017 09:15,"1421.8334"
06/18/2017 09:30,"1744.8334"
06/18/2017 09:45,"1894.8334"
06/18/2017 10:00,"2099.8333"
06/18/2017 10:15,"2324"
06/18/2017 10:30,"2552.6667"
06/18/2017 10:45,"2758.6667"
06/18/2017 11:00,"2923"
06/18/2017 11:15,"3063.3333"
06/18/2017 11:30,"3176.3333"
06/18/2017 11:45,"3258.3333"
06/18/2017 12:00,"3334.1667"
06/18/2017 12:15,"3419.6667"
06/18/2017 12:30,"3457"
06/18/2017 12:45,"3512.1667"
06/18/2017 13:00,"3547.8333"
06/18/2017 13:15,"3557.8333"
06/18/2017 13:30,"3551.6667"
06/18/2017 13:45,"3579.5"
06/18/2017 14:00,"3607"
06/18/2017 14:15,"3584"
06/18/2017 14:30,"3515.5"
06/18/2017 14:45,"3472.8333"
06/18/2017 15:00,"3301.5"
06/18/2017 15:15,"3314.1667"
06/18/2017 15:30,"3265"
06/18/2017 15:45,"3169.8333"
06/18/2017 16:00,"3060"
06/18/2017 16:15,"2891"
06/18/2017 16:30,"2681.1667"
06/18/2017 16:45,"2423.1667"
06/18/2017 17:00,"2211.3333"
06/18/2017 17:15,"1945.3334"
06/18/2017 17:30,"1699"
06/18/2017 17:45,"1298.5"
06/18/2017 18:00,"1046.1666"
06/18/2017 18:15,"820.3333"
06/18/2017 18:30,"603"
06/18/2017 18:45,"375.6667"
06/18/2017 19:00,"225"
06/18/2017 19:15,"122.3333"
06/18/2017 19:30,"92.1667"
06/18/2017 19:45,"36.6667"
06/18/2017 20:00,"2.3333"
06/18/2017 20:15,"0"
06/18/2017 20:30,"0"
06/19/2017 05:45,"0"
06/19/2017 06:00,"7.6667"
06/19/2017 06:15,"57.3333"
06/19/2017 06:30,"56.3333"
06/19/2017 06:45,"99.6667"
06/19/2017 07:00,"131.3333"
06/19/2017 07:15,"158"
06/19/2017 07:30,"230.5"
06/19/2017 07:45,"308.8333"
06/19/2017 08:00,"385"
06/19/2017 08:15,"497.1667"
06/19/2017 08:30,"659"
06/19/2017 08:45,"853.1667"
06/19/2017 09:00,"1183.5"
06/19/2017 09:15,"1433"
06/19/2017 09:30,"1735"
06/19/2017 09:45,"1853.3334"
06/19/2017 10:00,"2054.8333"
06/19/2017 10:15,"2316.6667"
06/19/2017 10:30,"2562.5"
06/19/2017 10:45,"2773.5"
06/19/2017 11:00,"2946.5"
06/19/2017 11:15,"3074.6667"
06/19/2017 11:30,"3169.1667"
06/19/2017 11:45,"3274.5"
06/19/2017 12:00,"3350.6667"
06/19/2017 12:15,"3422.8333"
06/19/2017 12:30,"3490"
06/19/2017 12:45,"3512.6667"
06/19/2017 13:00,"3543.1667"
06/19/2017 13:15,"3569.1667"
06/19/2017 13:30,"3579.8333"
06/19/2017 13:45,"3559.8333"
06/19/2017 14:00,"3584.5"
06/19/2017 14:15,"3537.6667"
06/19/2017 14:30,"3502.3333"
06/19/2017 14:45,"3454.3333"
06/19/2017 15:00,"3390.8333"
06/19/2017 15:15,"3299.6667"
06/19/2017 15:30,"3245.5"
06/19/2017 15:45,"3127.1667"
06/19/2017 16:00,"3030.6667"
06/19/2017 16:15,"2883.1667"
06/19/2017 16:30,"2606.3333"
06/19/2017 16:45,"2293.8333"
06/19/2017 17:00,"1961.1666"
06/19/2017 17:15,"1894.1666"
06/19/2017 17:30,"1694.5"
06/19/2017 17:45,"1308.5"
06/19/2017 18:00,"1017.1667"
06/19/2017 18:15,"813.1667"
06/19/2017 18:30,"593.1667"
06/19/2017 18:45,"369.1667"
06/19/2017 19:00,"217.5"
06/19/2017 19:15,"119.5"
06/19/2017 19:30,"85.1667"
06/19/2017 19:45,"29.3333"
06/19/2017 20:00,"8.5"
06/19/2017 20:15,"0"
06/19/2017 20:30,"0"
06/20/2017 06:00,"0"
06/20/2017 06:15,"20.8333"
06/20/2017 06:30,"77.8333"
06/20/2017 06:45,"159.6667"
06/20/2017 07:00,"233"
06/20/2017 07:15,"277.8333"
06/20/2017 07:30,"355"
06/20/2017 07:45,"434.6667"
06/20/2017 08:00,"475.1667"
06/20/2017 08:15,"533"
06/20/2017 08:30,"420.5"
06/20/2017 08:45,"928.1667"
06/20/2017 09:00,"1119.3334"
06/20/2017 09:15,"1528.6666"
06/20/2017 09:30,"1486.5"
06/20/2017 09:45,"1707.3334"
06/20/2017 10:00,"1949.8334"
06/20/2017 10:15,"2419.1667"
06/20/2017 10:30,"2599.6667"
06/20/2017 10:45,"2781.5"
06/20/2017 11:00,"2923.8333"
06/20/2017 11:15,"3050"
06/20/2017 11:30,"3168.3333"
06/20/2017 11:45,"3264.3333"
06/20/2017 12:00,"3326"
06/20/2017 12:15,"3380.1667"
06/20/2017 12:30,"3407.8333"
06/20/2017 12:45,"3454"
06/20/2017 13:00,"3475.6667"
06/20/2017 13:15,"3505.6667"
06/20/2017 13:30,"3510.8333"
06/20/2017 13:45,"3516.5"
06/20/2017 14:00,"3568.6667"
06/20/2017 14:15,"3641"
06/20/2017 14:30,"3520.3333"
06/20/2017 14:45,"3545.8333"
06/20/2017 15:00,"3503.3333"
06/20/2017 15:15,"3581.3333"
06/20/2017 15:30,"3406"
06/20/2017 15:45,"3474.3333"
06/20/2017 16:00,"3266.8333"
06/20/2017 16:15,"3041.8333"
06/20/2017 16:30,"2829"
06/20/2017 16:45,"2579.1667"
06/20/2017 17:00,"2257.3333"
06/20/2017 17:15,"1955.5"
06/20/2017 17:30,"1660.3334"
06/20/2017 17:45,"1298.6666"
06/20/2017 18:00,"1028.1666"
06/20/2017 18:15,"830.8333"
06/20/2017 18:30,"612.3333"
06/20/2017 18:45,"389"
06/20/2017 19:00,"231"
06/20/2017 19:15,"133.1667"
06/20/2017 19:30,"98.1667"
06/20/2017 19:45,"47"
06/20/2017 20:00,"12"
06/20/2017 20:15,"0"
06/21/2017 06:00,"0"
06/21/2017 06:15,"21"
06/21/2017 06:30,"66.5"
06/21/2017 06:45,"108.8333"
06/21/2017 07:00,"161.3333"
06/21/2017 07:15,"246.5"
06/21/2017 07:30,"329"
06/21/2017 07:45,"412.6667"
06/21/2017 08:00,"474.6667"
06/21/2017 08:15,"539.6667"
06/21/2017 08:30,"645.8333"
06/21/2017 08:45,"786"
06/21/2017 09:00,"1065.6666"
06/21/2017 09:15,"1269.5"
06/21/2017 09:30,"1617.5"
06/21/2017 09:45,"1790.6666"
06/21/2017 10:00,"1989.3334"
06/21/2017 10:15,"2248"
06/21/2017 10:30,"2491.8333"
06/21/2017 10:45,"2700.5"
06/21/2017 11:00,"2831.5"
06/21/2017 11:15,"2967.6667"
06/21/2017 11:30,"3081.5"
06/21/2017 11:45,"3192.3333"
06/21/2017 12:00,"3250.6667"
06/21/2017 12:15,"3304"
06/21/2017 12:30,"3406.6667"
06/21/2017 12:45,"2455.1667"
06/21/2017 13:00,"3852.6667"
06/21/2017 13:15,"2293"
06/21/2017 13:30,"3019.5"
06/21/2017 13:45,"3583.6667"
06/21/2017 14:00,"3531.1667"
06/21/2017 14:15,"3576.1667"
06/21/2017 14:30,"3625.5"
06/21/2017 14:45,"1953.3334"
06/21/2017 15:00,"2345.8333"
06/21/2017 15:15,"1819.8334"
06/21/2017 15:30,"1620"
06/21/2017 15:45,"1717.8334"
06/21/2017 16:00,"2632.8333"
06/21/2017 16:15,"1774"
06/21/2017 16:30,"2484.6667"
06/21/2017 16:45,"1085.3334"
06/21/2017 17:00,"1442.5"
06/21/2017 17:15,"1931.6666"
06/21/2017 17:30,"1717.5"
06/21/2017 17:45,"959.5"
06/21/2017 18:00,"785.8333"
06/21/2017 18:15,"827.6667"
06/21/2017 18:30,"618.1667"
06/21/2017 18:45,"438"
06/21/2017 19:00,"301.3333"
06/21/2017 19:15,"248.8333"
06/21/2017 19:30,"197.8333"
06/21/2017 19:45,"128.3333"
06/21/2017 20:00,"61.3333"
06/21/2017 20:15,"10.6667"
06/21/2017 20:30,"0"
06/22/2017 05:45,"0"
06/22/2017 06:00,"26.5"
06/22/2017 06:15,"64"
06/22/2017 06:30,"124.6667"
06/22/2017 06:45,"259.3333"
06/22/2017 07:00,"166.6667"
06/22/2017 07:15,"113.8333"
06/22/2017 07:30,"193.1667"
06/22/2017 07:45,"681.6667"
06/22/2017 08:00,"256.3333"
06/22/2017 08:15,"642.1667"
06/22/2017 08:30,"354.5"
06/22/2017 08:45,"890.1667"
06/22/2017 09:00,"1174.8334"
06/22/2017 09:15,"1434.8334"
06/22/2017 09:30,"1703.3334"
06/22/2017 09:45,"1915"
06/22/2017 10:00,"2192.8333"
06/22/2017 10:15,"2364.6667"
06/22/2017 10:30,"2275.8333"
06/22/2017 10:45,"2257.1667"
06/22/2017 11:00,"2631.1667"
06/22/2017 11:15,"2892.1667"
06/22/2017 11:30,"3001.1667"
06/22/2017 11:45,"3092.8333"
06/22/2017 12:00,"3198"
06/22/2017 12:15,"2437.1667"
06/22/2017 12:30,"1689.1666"
06/22/2017 12:45,"733.5"
06/22/2017 13:00,"756.8333"
06/22/2017 13:15,"2808.1667"
06/22/2017 13:30,"3617.8333"
06/22/2017 13:45,"3481"
06/22/2017 14:00,"3429.8333"
06/22/2017 14:15,"3357.1667"
06/22/2017 14:30,"3400.3333"
06/22/2017 14:45,"3393"
06/22/2017 15:00,"3382.8333"
06/22/2017 15:15,"3320.8333"
06/22/2017 15:30,"3269.8333"
06/22/2017 15:45,"3190"
06/22/2017 16:00,"3053.6667"
06/22/2017 16:15,"2909"
06/22/2017 16:30,"2666.3333"
06/22/2017 16:45,"2342.3333"
06/22/2017 17:00,"2059.1667"
06/22/2017 17:15,"1785.6666"
06/22/2017 17:30,"1529"
06/22/2017 17:45,"1230.1666"
06/22/2017 18:00,"998.3333"
06/22/2017 18:15,"795.3333"
06/22/2017 18:30,"533"
06/22/2017 18:45,"402"
06/22/2017 19:00,"304.1667"
06/22/2017 19:15,"216.3333"
06/22/2017 19:30,"112.3333"
06/22/2017 19:45,"49.6667"
06/22/2017 20:00,"20.1667"
06/22/2017 20:15,"0"
06/22/2017 20:30,"0"
06/23/2017 06:00,"0"
06/23/2017 06:15,"10"
06/23/2017 06:30,"38.5"
06/23/2017 06:45,"52.5"
06/23/2017 07:00,"75"
06/23/2017 07:15,"118.6667"
06/23/2017 07:30,"213.1667"
06/23/2017 07:45,"336.6667"
06/23/2017 08:00,"397.5"
06/23/2017 08:15,"470.1667"
06/23/2017 08:30,"611.1667"
06/23/2017 08:45,"848.1667"
06/23/2017 09:00,"1142"
06/23/2017 09:15,"1469.3334"
06/23/2017 09:30,"1798.3334"
06/23/2017 09:45,"1915.8334"
06/23/2017 10:00,"2138"
06/23/2017 10:15,"2377.5"
06/23/2017 10:30,"2584.8333"
06/23/2017 10:45,"2822"
06/23/2017 11:00,"2972.8333"
06/23/2017 11:15,"3088.8333"
06/23/2017 11:30,"3202.6667"
06/23/2017 11:45,"3332.6667"
06/23/2017 12:00,"3475.6667"
06/23/2017 12:15,"3564.1667"
06/23/2017 12:30,"3626.3333"
06/23/2017 12:45,"3679.5"
06/23/2017 13:00,"3697.5"
06/23/2017 13:15,"3714.3333"
06/23/2017 13:30,"3735"
06/23/2017 13:45,"3686.6667"
06/23/2017 14:00,"3658.6667"
06/23/2017 14:15,"3630.1667"
06/23/2017 14:30,"3635.1667"
06/23/2017 14:45,"3597.1667"
06/23/2017 15:00,"3527.6667"
06/23/2017 15:15,"3465.8333"
06/23/2017 15:30,"3331.6667"
06/23/2017 15:45,"3204.8333"
06/23/2017 16:00,"3105.1667"
06/23/2017 16:15,"2972.6667"
06/23/2017 16:30,"2645.3333"
06/23/2017 16:45,"2470.3333"
06/23/2017 17:00,"2211.5"
06/23/2017 17:15,"1959.6666"
06/23/2017 17:30,"1678.5"
06/23/2017 17:45,"1314.8334"
06/23/2017 18:00,"1071.6666"
06/23/2017 18:15,"849.3333"
06/23/2017 18:30,"637.5"
06/23/2017 18:45,"399.3333"
06/23/2017 19:00,"243.3333"
06/23/2017 19:15,"130.6667"
06/23/2017 19:30,"98.1667"
06/23/2017 19:45,"39.5"
06/23/2017 20:00,"5"
06/23/2017 20:15,"0"
06/23/2017 20:30,"0"
06/24/2017 05:45,"0"
06/24/2017 06:00,"14"
06/24/2017 06:15,"54.1667"
06/24/2017 06:30,"99.1667"
06/24/2017 06:45,"152.6667"
06/24/2017 07:00,"201.5"
06/24/2017 07:15,"228.6667"
06/24/2017 07:30,"362"
06/24/2017 07:45,"421.3333"
06/24/2017 08:00,"483.3333"
06/24/2017 08:15,"577.5"
06/24/2017 08:30,"707.8333"
06/24/2017 08:45,"916"
06/24/2017 09:00,"1179.5"
06/24/2017 09:15,"1523"
06/24/2017 09:30,"1813.6666"
06/24/2017 09:45,"1940.3334"
06/24/2017 10:00,"2160"
06/24/2017 10:15,"2404.8333"
06/24/2017 10:30,"2629.3333"
06/24/2017 10:45,"2830.5"
06/24/2017 11:00,"2985.1667"
06/24/2017 11:15,"3104.5"
06/24/2017 11:30,"3217.5"
06/24/2017 11:45,"3330.6667"
06/24/2017 12:00,"3390.3333"
06/24/2017 12:15,"3470.1667"
06/24/2017 12:30,"3521.1667"
06/24/2017 12:45,"3586.6667"
06/24/2017 13:00,"3615.5"
06/24/2017 13:15,"3614.5"
06/24/2017 13:30,"3650"
06/24/2017 13:45,"3617.3333"
06/24/2017 14:00,"3619.8333"
06/24/2017 14:15,"3606.5"
06/24/2017 14:30,"3577.6667"
06/24/2017 14:45,"3548.3333"
06/24/2017 15:00,"3469.3333"
06/24/2017 15:15,"3406"
06/24/2017 15:30,"3348"
06/24/2017 15:45,"3234"
06/24/2017 16:00,"3099.6667"
06/24/2017 16:15,"2922.8333"
06/24/2017 16:30,"2679.1667"
06/24/2017 16:45,"2398.5"
06/24/2017 17:00,"2228.6667"
06/24/2017 17:15,"1962.3334"
06/24/2017 17:30,"1619.8334"
06/24/2017 17:45,"1268.5"
06/24/2017 18:00,"1050.5"
06/24/2017 18:15,"853.8333"
06/24/2017 18:30,"583.1667"
06/24/2017 18:45,"373"
06/24/2017 19:00,"214.1667"
06/24/2017 19:15,"126.5"
06/24/2017 19:30,"94.1667"
06/24/2017 19:45,"29.1667"
06/24/2017 20:00,"3.8333"
06/24/2017 20:15,"0"
06/24/2017 20:30,"0"
06/25/2017 05:45,"0"
06/25/2017 06:00,"25.8333"
06/25/2017 06:15,"74.6667"
06/25/2017 06:30,"95"
06/25/2017 06:45,"106.6667"
06/25/2017 07:00,"132.1667"
06/25/2017 07:15,"181.3333"
06/25/2017 07:30,"247.6667"
06/25/2017 07:45,"369.8333"
06/25/2017 08:00,"442.3333"
06/25/2017 08:15,"512.1667"
06/25/2017 08:30,"632"
06/25/2017 08:45,"973.8333"
06/25/2017 09:00,"1081.8334"
06/25/2017 09:15,"1233.3334"
06/25/2017 09:30,"1616.6666"
06/25/2017 09:45,"1828.8334"
06/25/2017 10:00,"2076.1667"
06/25/2017 10:15,"2303.6667"
06/25/2017 10:30,"2504.5"
06/25/2017 10:45,"2757.1667"
06/25/2017 11:00,"2914.6667"
06/25/2017 11:15,"3062.3333"
06/25/2017 11:30,"3166.1667"
06/25/2017 11:45,"3282.3333"
06/25/2017 12:00,"3337.6667"
06/25/2017 12:15,"3379.8333"
06/25/2017 12:30,"3413.5"
06/25/2017 12:45,"3455.6667"
06/25/2017 13:00,"3517"
06/25/2017 13:15,"3549.3333"
06/25/2017 13:30,"3555.6667"
06/25/2017 13:45,"3513.1667"
06/25/2017 14:00,"3521.3333"
06/25/2017 14:15,"3540"
06/25/2017 14:30,"3578.1667"
06/25/2017 14:45,"3485.5"
06/25/2017 15:00,"3445"
06/25/2017 15:15,"3354.3333"
06/25/2017 15:30,"3279.1667"
06/25/2017 15:45,"3186.6667"
06/25/2017 16:00,"3066.1667"
06/25/2017 16:15,"2908.6667"
06/25/2017 16:30,"2645.1667"
06/25/2017 16:45,"2375"
06/25/2017 17:00,"2208.5"
06/25/2017 17:15,"1923.3334"
06/25/2017 17:30,"1636"
06/25/2017 17:45,"1129.1666"
06/25/2017 18:00,"908"
06/25/2017 18:15,"870.1667"
06/25/2017 18:30,"613"
06/25/2017 18:45,"401.6667"
06/25/2017 19:00,"254.8333"
06/25/2017 19:15,"153"
06/25/2017 19:30,"112.5"
06/25/2017 19:45,"74"
06/25/2017 20:00,"29.3333"
06/25/2017 20:15,"16.3333"
06/25/2017 20:30,"0"
06/26/2017 05:45,"0"
06/26/2017 06:00,"12.3333"
06/26/2017 06:15,"77.3333"
06/26/2017 06:30,"105.5"
06/26/2017 06:45,"85.8333"
06/26/2017 07:00,"97"
06/26/2017 07:15,"148.3333"
06/26/2017 07:30,"242.3333"
06/26/2017 07:45,"334.1667"
06/26/2017 08:00,"418.8333"
06/26/2017 08:15,"504.3333"
06/26/2017 08:30,"646.5"
06/26/2017 08:45,"889.5"
06/26/2017 09:00,"1168.1666"
06/26/2017 09:15,"1484.3334"
06/26/2017 09:30,"1759.8334"
06/26/2017 09:45,"1900.3334"
06/26/2017 10:00,"2138.8333"
06/26/2017 10:15,"2355.3333"
06/26/2017 10:30,"2585.1667"
06/26/2017 10:45,"2786.1667"
06/26/2017 11:00,"2938.1667"
06/26/2017 11:15,"3048"
06/26/2017 11:30,"3162.1667"
06/26/2017 11:45,"3279"
06/26/2017 12:00,"3356.5"
06/26/2017 12:15,"3454.5"
06/26/2017 12:30,"3320.1667"
06/26/2017 12:45,"3590"
06/26/2017 13:00,"3576"
06/26/2017 13:15,"3779.3333"
06/26/2017 13:30,"1305.1666"
06/26/2017 13:45,"1121.5"
06/26/2017 14:00,"416.6667"
06/26/2017 14:15,"287.1667"
06/26/2017 14:30,"144.8333"
06/26/2017 14:45,"316.6667"
06/26/2017 15:00,"1086.5"
06/26/2017 15:15,"754.6667"
06/26/2017 15:30,"3166.3333"
06/26/2017 15:45,"2876.1667"
06/26/2017 16:00,"3331.5"
06/26/2017 16:15,"1840.5"
06/26/2017 16:30,"880.6667"
06/26/2017 16:45,"2649.6667"
06/26/2017 17:00,"1373.5"
06/26/2017 17:15,"1995.3334"
06/26/2017 17:30,"968.3333"
06/26/2017 17:45,"1445"
06/26/2017 18:00,"411.5"
06/26/2017 18:15,"805.8333"
06/26/2017 18:30,"437.1667"
06/26/2017 18:45,"132.3333"
06/26/2017 19:00,"265.1667"
06/26/2017 19:15,"160.3333"
06/26/2017 19:30,"101.1667"
06/26/2017 19:45,"44.8333"
06/26/2017 20:00,"20"
06/26/2017 20:15,"0"
06/26/2017 20:30,"0"
06/27/2017 06:00,"0"
06/27/2017 06:15,"13.5"
06/27/2017 06:30,"35"
06/27/2017 06:45,"56.8333"
06/27/2017 07:00,"87.8333"
06/27/2017 07:15,"139"
06/27/2017 07:30,"218.1667"
06/27/2017 07:45,"337.6667"
06/27/2017 08:00,"409.3333"
06/27/2017 08:15,"490"
06/27/2017 08:30,"626.3333"
06/27/2017 08:45,"855.6667"
06/27/2017 09:00,"1135.5"
06/27/2017 09:15,"1464.1666"
06/27/2017 09:30,"1827.8334"
06/27/2017 09:45,"1664.5"
06/27/2017 10:00,"2081"
06/27/2017 10:15,"2287.5"
06/27/2017 10:30,"2531.1667"
06/27/2017 10:45,"2766.1667"
06/27/2017 11:00,"2898.6667"
06/27/2017 11:15,"3036"
06/27/2017 11:30,"3142.5"
06/27/2017 11:45,"3246.1667"
06/27/2017 12:00,"3337.8333"
06/27/2017 12:15,"3449"
06/27/2017 12:30,"3521.3333"
06/27/2017 12:45,"3604.5"
06/27/2017 13:00,"3663.5"
06/27/2017 13:15,"3693.1667"
06/27/2017 13:30,"3739.5"
06/27/2017 13:45,"3749.3333"
06/27/2017 14:00,"3692"
06/27/2017 14:15,"3693.6667"
06/27/2017 14:30,"3620"
06/27/2017 14:45,"3691.5"
06/27/2017 15:00,"3469.6667"
06/27/2017 15:15,"3446.8333"
06/27/2017 15:30,"3262"
06/27/2017 15:45,"3242.3333"
06/27/2017 16:00,"3088.5"
06/27/2017 16:15,"1674.6666"
06/27/2017 16:30,"2841.6667"
06/27/2017 16:45,"1817.5"
06/27/2017 17:00,"1751.1666"
06/27/2017 17:15,"2046"
06/27/2017 17:30,"1754"
06/27/2017 17:45,"1096.3334"
06/27/2017 18:00,"907.6667"
06/27/2017 18:15,"846"
06/27/2017 18:30,"609.8333"
06/27/2017 18:45,"391.1667"
06/27/2017 19:00,"254.3333"
06/27/2017 19:15,"146.8333"
06/27/2017 19:30,"109.1667"
06/27/2017 19:45,"53.1667"
06/27/2017 20:00,"15.3333"
06/27/2017 20:15,"0"
06/27/2017 20:30,"0"
06/28/2017 06:00,"0"
06/28/2017 06:15,"25.8333"
06/28/2017 06:30,"39.1667"
06/28/2017 06:45,"61.3333"
06/28/2017 07:00,"91.1667"
06/28/2017 07:15,"144.5"
06/28/2017 07:30,"227.1667"
06/28/2017 07:45,"345.5"
06/28/2017 08:00,"425.5"
06/28/2017 08:15,"517"
06/28/2017 08:30,"644.5"
06/28/2017 08:45,"877.1667"
06/28/2017 09:00,"1161.8334"
06/28/2017 09:15,"1441.3334"
06/28/2017 09:30,"1700"
06/28/2017 09:45,"1819.8334"
06/28/2017 10:00,"2115.5"
06/28/2017 10:15,"2350.8333"
06/28/2017 10:30,"2539"
06/28/2017 10:45,"2809.5"
06/28/2017 11:00,"2932.5"
06/28/2017 11:15,"3039.5"
06/28/2017 11:30,"3126"
06/28/2017 11:45,"3173.5"
06/28/2017 12:00,"3307.1667"
06/28/2017 12:15,"3445.8333"
06/28/2017 12:30,"3512.3333"
06/28/2017 12:45,"3598"
06/28/2017 13:00,"3599.8333"
06/28/2017 13:15,"3670"
06/28/2017 13:30,"3615.8333"
06/28/2017 13:45,"3619.5"
06/28/2017 14:00,"3666"
06/28/2017 14:15,"3612.1667"
06/28/2017 14:30,"3557"
06/28/2017 14:45,"3547.3333"
06/28/2017 15:00,"3465.3333"
06/28/2017 15:15,"3409.8333"
06/28/2017 15:30,"3345.5"
06/28/2017 15:45,"3228.1667"
06/28/2017 16:00,"3118.6667"
06/28/2017 16:15,"2980"
06/28/2017 16:30,"2870.3333"
06/28/2017 16:45,"2724.6667"
06/28/2017 17:00,"2487.8333"
06/28/2017 17:15,"1729.5"
06/28/2017 17:30,"1190.3334"
06/28/2017 17:45,"738.8333"
06/28/2017 18:00,"868.3333"
06/28/2017 18:15,"711.6667"
06/28/2017 18:30,"284.5"
06/28/2017 18:45,"262"
06/28/2017 19:00,"132"
06/28/2017 19:15,"144.6667"
06/28/2017 19:30,"110.3333"
06/28/2017 19:45,"62.8333"
06/28/2017 20:00,"25"
06/28/2017 20:15,"0"
06/29/2017 05:45,"0"
06/29/2017 06:00,"5.3333"
06/29/2017 06:15,"47"
06/29/2017 06:30,"78.8333"
06/29/2017 06:45,"106.5"
06/29/2017 07:00,"168.5"
06/29/2017 07:15,"226.8333"
06/29/2017 07:30,"295"
06/29/2017 07:45,"366.6667"
06/29/2017 08:00,"406.5"
06/29/2017 08:15,"501"
06/29/2017 08:30,"650.6667"
06/29/2017 08:45,"922.1667"
06/29/2017 09:00,"1183.1666"
06/29/2017 09:15,"1452.6666"
06/29/2017 09:30,"1743.6666"
06/29/2017 09:45,"1902.5"
06/29/2017 10:00,"1997.3334"
06/29/2017 10:15,"2180.1667"
06/29/2017 10:30,"2322.5"
06/29/2017 10:45,"2660"
06/29/2017 11:00,"2778"
06/29/2017 11:15,"2852.3333"
06/29/2017 11:30,"2955.1667"
06/29/2017 11:45,"3207.8333"
06/29/2017 12:00,"3208.8333"
06/29/2017 12:15,"3352.8333"
06/29/2017 12:30,"3298.8333"
06/29/2017 12:45,"3508"
06/29/2017 13:00,"3641.3333"
06/29/2017 13:15,"3689.8333"
06/29/2017 13:30,"3685.6667"
06/29/2017 13:45,"3518.3333"
06/29/2017 14:00,"3473.3333"
06/29/2017 14:15,"3386.3333"
06/29/2017 14:30,"3488"
06/29/2017 14:45,"3559.1667"
06/29/2017 15:00,"3478"
06/29/2017 15:15,"3179.3333"
06/29/2017 15:30,"3194.6667"
06/29/2017 15:45,"3175.1667"
06/29/2017 16:00,"3122.3333"
06/29/2017 16:15,"2893.3333"
06/29/2017 16:30,"2758.3333"
06/29/2017 16:45,"2633.3333"
06/29/2017 17:00,"2425.1667"
06/29/2017 17:15,"1990.5"
06/29/2017 17:30,"1749.6666"
06/29/2017 17:45,"1349.1666"
06/29/2017 18:00,"1080.6666"
06/29/2017 18:15,"990.6667"
06/29/2017 18:30,"665.3333"
06/29/2017 18:45,"386.3333"
06/29/2017 19:00,"212"
06/29/2017 19:15,"140.5"
06/29/2017 19:30,"89.8333"
06/29/2017 19:45,"51"
06/29/2017 20:00,"14.1667"
06/29/2017 20:15,"0"
06/29/2017 20:30,"0"
06/30/2017 06:00,"3.5"
06/30/2017 06:15,"30"
06/30/2017 06:30,"53"
06/30/2017 06:45,"77"
06/30/2017 07:00,"103.6667"
06/30/2017 07:15,"147.8333"
06/30/2017 07:30,"211.8333"
06/30/2017 07:45,"329"
06/30/2017 08:00,"404.3333"
06/30/2017 08:15,"484.5"
06/30/2017 08:30,"605.8333"
06/30/2017 08:45,"823.3333"
06/30/2017 09:00,"1121"
06/30/2017 09:15,"1408.6666"
06/30/2017 09:30,"1702.1666"
06/30/2017 09:45,"1843.6666"
06/30/2017 10:00,"2065.1667"
06/30/2017 10:15,"2315.3333"
06/30/2017 10:30,"2515.1667"
06/30/2017 10:45,"2737"
06/30/2017 11:00,"2897.1667"
06/30/2017 11:15,"3097"
06/30/2017 11:30,"3199"
06/30/2017 11:45,"3294.5"
06/30/2017 12:00,"3448.5"
06/30/2017 12:15,"3493.5"
06/30/2017 12:30,"3595.5"
06/30/2017 12:45,"3672.1667"
06/30/2017 13:00,"3711.6667"
06/30/2017 13:15,"3718.8333"
06/30/2017 13:30,"3756"
06/30/2017 13:45,"3748.1667"
06/30/2017 14:00,"3727"
06/30/2017 14:15,"3678"
06/30/2017 14:30,"3605.5"
06/30/2017 14:45,"3590.6667"
06/30/2017 15:00,"3527.3333"
06/30/2017 15:15,"3450.3333"
06/30/2017 15:30,"3377.5"
06/30/2017 15:45,"3242.1667"
06/30/2017 16:00,"3119.8333"
06/30/2017 16:15,"2949.5"
06/30/2017 16:30,"2788.1667"
06/30/2017 16:45,"2626.6667"
06/30/2017 17:00,"2354.3333"
06/30/2017 17:15,"2130.3333"
06/30/2017 17:30,"1811.8334"
06/30/2017 17:45,"1484.8334"
06/30/2017 18:00,"1236"
06/30/2017 18:15,"974.3333"
06/30/2017 18:30,"715"
06/30/2017 18:45,"441"
06/30/2017 19:00,"252.8333"
06/30/2017 19:15,"149.6667"
06/30/2017 19:30,"112.1667"
06/30/2017 19:45,"57.1667"
06/30/2017 20:00,"19.3333"
06/30/2017 20:15,"1.5"
06/30/2017 20:30,"0"
